Circuit,Type,Direction,Location,Country,Last length used,Turns,Latitude,Longitude,Grands Prix held,from,to,isActivePeriod,CircuitLocationID
Adelaide Street Circuit,Street circuit,Clockwise,Adelaide,Australia,3.780 km (2.349 mi),16,-34.9306,138.6206,11,1985,1995,False,46946
Ain-Diab Circuit,Road circuit,Clockwise,Casablanca,Morocco,7.618 km (4.734 mi),18,33.5786,-7.6875,1,1958,1958,False,20953
Aintree Motor Racing Circuit,Road circuit,Clockwise,Aintree,United Kingdom,4.828 km (3.000 mi),12,53.4769,-2.9406,5,1955,1955,False,26284
Aintree Motor Racing Circuit,Road circuit,Clockwise,Aintree,United Kingdom,4.828 km (3.000 mi),12,53.4769,-2.9406,5,1957,1957,False,26284
Aintree Motor Racing Circuit,Road circuit,Clockwise,Aintree,United Kingdom,4.828 km (3.000 mi),12,53.4769,-2.9406,5,1959,1959,False,26284
Aintree Motor Racing Circuit,Road circuit,Clockwise,Aintree,United Kingdom,4.828 km (3.000 mi),12,53.4769,-2.9406,5,1961,1962,False,26284
Albert Park Circuit,Street circuit,Clockwise,Melbourne,Australia,5.278 km (3.280 mi),16,-37.8497,144.9683,28,1996,2019,False,73060
Albert Park Circuit,Street circuit,Clockwise,Melbourne,Australia,5.278 km (3.280 mi),16,-37.8497,144.9683,28,2022,2025,True,73060
Algarve International Circuit,Race circuit,Clockwise,Portimão,Portugal,4.653 km (2.891 mi),15,37.2319,-8.6319,2,2020,2021,False,68059
Autódromo do Estoril,Race circuit,Clockwise,Estoril,Portugal,4.360 km (2.709 mi),13,38.7508,-9.3942,13,1984,1996,False,60169
Autódromo Hermanos Rodríguez,Race circuit,Clockwise,Mexico City,Mexico,4.304 km (2.674 mi),17,19.4061,-99.0925,24,1963,1970,False,55162
Autódromo Hermanos Rodríguez,Race circuit,Clockwise,Mexico City,Mexico,4.304 km (2.674 mi),17,19.4061,-99.0925,24,1986,1992,False,55162
Autódromo Hermanos Rodríguez,Race circuit,Clockwise,Mexico City,Mexico,4.304 km (2.674 mi),17,19.4061,-99.0925,24,2015,2019,False,55162
Autódromo Hermanos Rodríguez,Race circuit,Clockwise,Mexico City,Mexico,4.304 km (2.674 mi),17,19.4061,-99.0925,24,2021,2025,True,55162
Autódromo Internacional do Rio de Janeiro,Race circuit,Anti-clockwise,Rio de Janeiro,Brazil,5.031 km (3.126 mi),11,-22.9756,-43.395,10,1978,1978,False,73186
Autódromo Internacional do Rio de Janeiro,Race circuit,Anti-clockwise,Rio de Janeiro,Brazil,5.031 km (3.126 mi),11,-22.9756,-43.395,10,1981,1989,False,73186
Autodromo Internazionale del Mugello,Race circuit,Clockwise,Scarperia e San Piero,Italy,5.245 km (3.259 mi),14,43.9975,11.3719,1,2020,2020,False,94760
Autodromo Internazionale Enzo e Dino Ferrari,Race circuit,Anti-clockwise,Imola,Italy,4.909 km (3.050 mi),17,44.3411,11.7133,32,1980,2006,False,26224
Autodromo Internazionale Enzo e Dino Ferrari,Race circuit,Anti-clockwise,Imola,Italy,4.909 km (3.050 mi),17,44.3411,11.7133,32,2020,2022,False,26224
Autodromo Internazionale Enzo e Dino Ferrari,Race circuit,Anti-clockwise,Imola,Italy,4.909 km (3.050 mi),17,44.3411,11.7133,32,2024,2025,True,26224
Autodromo José Carlos Pace,Race circuit,Anti-clockwise,São Paulo,Brazil,4.309 km (2.677 mi),15,-23.7011,-46.6972,41,1973,1977,False,80581
Autodromo José Carlos Pace,Race circuit,Anti-clockwise,São Paulo,Brazil,4.309 km (2.677 mi),15,-23.7011,-46.6972,41,1979,1980,False,80581
Autodromo José Carlos Pace,Race circuit,Anti-clockwise,São Paulo,Brazil,4.309 km (2.677 mi),15,-23.7011,-46.6972,41,1990,2019,False,80581
Autodromo José Carlos Pace,Race circuit,Anti-clockwise,São Paulo,Brazil,4.309 km (2.677 mi),15,-23.7011,-46.6972,41,2021,2025,True,80581
Autodromo Nazionale di Monza,Race circuit,Clockwise,Monza,Italy,5.793 km (3.600 mi),11,45.6206,9.2894,74,1950,1979,False,58117
Autodromo Nazionale di Monza,Race circuit,Clockwise,Monza,Italy,5.793 km (3.600 mi),11,45.6206,9.2894,74,1981,2025,True,58117
Autódromo Oscar y Juan Gálvez,Race circuit,Clockwise,Buenos Aires,Argentina,4.259 km (2.646 mi),18,-34.6943,-58.4593,20,1953,1958,False,67637
Autódromo Oscar y Juan Gálvez,Race circuit,Clockwise,Buenos Aires,Argentina,4.259 km (2.646 mi),18,-34.6943,-58.4593,20,1960,1960,False,67637
Autódromo Oscar y Juan Gálvez,Race circuit,Clockwise,Buenos Aires,Argentina,4.259 km (2.646 mi),18,-34.6943,-58.4593,20,1972,1975,False,67637
Autódromo Oscar y Juan Gálvez,Race circuit,Clockwise,Buenos Aires,Argentina,4.259 km (2.646 mi),18,-34.6943,-58.4593,20,1977,1981,False,67637
Autódromo Oscar y Juan Gálvez,Race circuit,Clockwise,Buenos Aires,Argentina,4.259 km (2.646 mi),18,-34.6943,-58.4593,20,1995,1998,False,67637
AVUS,Road circuit,Anti-clockwise,Berlin,Germany,8.300 km (5.157 mi),4,52.4806,13.2514,1,1959,1959,False,75655
Bahrain International Circuit,Race circuit,Clockwise,Sakhir,Bahrain,5.412 km (3.363 mi),15,26.0325,50.5106,22,2004,2010,False,90672
Bahrain International Circuit,Race circuit,Clockwise,Sakhir,Bahrain,5.412 km (3.363 mi),15,26.0325,50.5106,22,2012,2025,True,90672
Baku City Circuit,Street circuit,Anti-clockwise,Baku,Azerbaijan,6.003 km (3.730 mi),20,40.3725,49.8533,8,2016,2019,False,37306
Baku City Circuit,Street circuit,Anti-clockwise,Baku,Azerbaijan,6.003 km (3.730 mi),20,40.3725,49.8533,8,2021,2025,True,37306
Brands Hatch Circuit,Race circuit,Clockwise,West Kingsdown,United Kingdom,4.206 km (2.613 mi),11,51.3567,0.2625,14,1964,1964,False,42344
Brands Hatch Circuit,Race circuit,Clockwise,West Kingsdown,United Kingdom,4.206 km (2.613 mi),11,51.3567,0.2625,14,1966,1966,False,42344
Brands Hatch Circuit,Race circuit,Clockwise,West Kingsdown,United Kingdom,4.206 km (2.613 mi),11,51.3567,0.2625,14,1968,1968,False,42344
Brands Hatch Circuit,Race circuit,Clockwise,West Kingsdown,United Kingdom,4.206 km (2.613 mi),11,51.3567,0.2625,14,1970,1970,False,42344
Brands Hatch Circuit,Race circuit,Clockwise,West Kingsdown,United Kingdom,4.206 km (2.613 mi),11,51.3567,0.2625,14,1972,1972,False,42344
Brands Hatch Circuit,Race circuit,Clockwise,West Kingsdown,United Kingdom,4.206 km (2.613 mi),11,51.3567,0.2625,14,1974,1974,False,42344
Brands Hatch Circuit,Race circuit,Clockwise,West Kingsdown,United Kingdom,4.206 km (2.613 mi),11,51.3567,0.2625,14,1976,1976,False,42344
Brands Hatch Circuit,Race circuit,Clockwise,West Kingsdown,United Kingdom,4.206 km (2.613 mi),11,51.3567,0.2625,14,1978,1978,False,42344
Brands Hatch Circuit,Race circuit,Clockwise,West Kingsdown,United Kingdom,4.206 km (2.613 mi),11,51.3567,0.2625,14,1980,1980,False,42344
Brands Hatch Circuit,Race circuit,Clockwise,West Kingsdown,United Kingdom,4.206 km (2.613 mi),11,51.3567,0.2625,14,1982,1986,False,42344
Buddh International Circuit,Race circuit,Clockwise,Greater Noida,India,5.141 km (3.194 mi),16,28.3506,77.535,3,2011,2013,False,38481
Bugatti Au Mans,Race circuit,Clockwise,Le Mans,France,4.430 km (2.753 mi),8,47.9333,0.2333,1,1967,1967,False,60216
Caesars Palace Grand Prix Circuit,Street circuit,Anti-clockwise,Paradise,United States,3.650 km (2.268 mi),14,36.1169,-115.175,2,1981,1982,False,60613
Charade Circuit,Road circuit,Clockwise,Saint-Genès-Champanelle,France,8.055 km (5.005 mi),38,45.7472,3.0389,4,1965,1965,False,33031
Charade Circuit,Road circuit,Clockwise,Saint-Genès-Champanelle,France,8.055 km (5.005 mi),38,45.7472,3.0389,4,1969,1970,False,33031
Charade Circuit,Road circuit,Clockwise,Saint-Genès-Champanelle,France,8.055 km (5.005 mi),38,45.7472,3.0389,4,1972,1972,False,33031
Circuit Bremgarten,Road circuit,Clockwise,Bern,Switzerland,7.208 km (4.479 mi),14,46.95,7.4108,5,1950,1954,False,95630
Circuit de Barcelona-Catalunya,Race circuit,Clockwise,Montmeló,Spain,4.657 km (2.894 mi),14,41.57,2.2611,35,1991,2025,True,76541
Circuit de Monaco,Street circuit,Clockwise,Monte Carlo,Monaco,3.337 km (2.074 mi),19,43.7347,7.4206,71,1950,1950,False,87588
Circuit de Monaco,Street circuit,Clockwise,Monte Carlo,Monaco,3.337 km (2.074 mi),19,43.7347,7.4206,71,1955,2019,False,87588
Circuit de Monaco,Street circuit,Clockwise,Monte Carlo,Monaco,3.337 km (2.074 mi),19,43.7347,7.4206,71,2021,2025,True,87588
Circuit de Nevers Magny-Cours,Race circuit,Clockwise,Magny-Cours,France,4.411 km (2.741 mi),16,46.8633,3.1633,18,1991,2008,False,25957
Circuit de Pedralbes,Street circuit,Clockwise,Barcelona,Spain,6.316 km (3.925 mi),6,41.3903,2.1167,2,1951,1951,False,84971
Circuit de Pedralbes,Street circuit,Clockwise,Barcelona,Spain,6.316 km (3.925 mi),6,41.3903,2.1167,2,1954,1954,False,84971
Circuit de Reims-Gueux,Road circuit,Clockwise,Gueux,France,8.302 km (5.159 mi),6,49.2541,3.9306,11,1950,1951,False,40673
Circuit de Reims-Gueux,Road circuit,Clockwise,Gueux,France,8.302 km (5.159 mi),6,49.2541,3.9306,11,1953,1954,False,40673
Circuit de Reims-Gueux,Road circuit,Clockwise,Gueux,France,8.302 km (5.159 mi),6,49.2541,3.9306,11,1956,1956,False,40673
Circuit de Reims-Gueux,Road circuit,Clockwise,Gueux,France,8.302 km (5.159 mi),6,49.2541,3.9306,11,1958,1961,False,40673
Circuit de Reims-Gueux,Road circuit,Clockwise,Gueux,France,8.302 km (5.159 mi),6,49.2541,3.9306,11,1963,1963,False,40673
Circuit de Reims-Gueux,Road circuit,Clockwise,Gueux,France,8.302 km (5.159 mi),6,49.2541,3.9306,11,1966,1966,False,40673
Circuit de Spa-Francorchamps,Race circuit,Clockwise,Stavelot,Belgium,7.004 km (4.352 mi),20,50.4372,5.9714,57,1950,1956,False,40690
Circuit de Spa-Francorchamps,Race circuit,Clockwise,Stavelot,Belgium,7.004 km (4.352 mi),20,50.4372,5.9714,57,1958,1958,False,40690
Circuit de Spa-Francorchamps,Race circuit,Clockwise,Stavelot,Belgium,7.004 km (4.352 mi),20,50.4372,5.9714,57,1960,1968,False,40690
Circuit de Spa-Francorchamps,Race circuit,Clockwise,Stavelot,Belgium,7.004 km (4.352 mi),20,50.4372,5.9714,57,1970,1970,False,40690
Circuit de Spa-Francorchamps,Race circuit,Clockwise,Stavelot,Belgium,7.004 km (4.352 mi),20,50.4372,5.9714,57,1983,1983,False,40690
Circuit de Spa-Francorchamps,Race circuit,Clockwise,Stavelot,Belgium,7.004 km (4.352 mi),20,50.4372,5.9714,57,1985,2002,False,40690
Circuit de Spa-Francorchamps,Race circuit,Clockwise,Stavelot,Belgium,7.004 km (4.352 mi),20,50.4372,5.9714,57,2004,2005,False,40690
Circuit de Spa-Francorchamps,Race circuit,Clockwise,Stavelot,Belgium,7.004 km (4.352 mi),20,50.4372,5.9714,57,2007,2025,True,40690
Circuit Dijon-Prenois,Race circuit,Clockwise,Prenois,France,3.886 km (2.415 mi),12,47.3625,4.8992,6,1974,1974,False,33776
Circuit Dijon-Prenois,Race circuit,Clockwise,Prenois,France,3.886 km (2.415 mi),12,47.3625,4.8992,6,1977,1977,False,33776
Circuit Dijon-Prenois,Race circuit,Clockwise,Prenois,France,3.886 km (2.415 mi),12,47.3625,4.8992,6,1979,1979,False,33776
Circuit Dijon-Prenois,Race circuit,Clockwise,Prenois,France,3.886 km (2.415 mi),12,47.3625,4.8992,6,1981,1982,False,33776
Circuit Dijon-Prenois,Race circuit,Clockwise,Prenois,France,3.886 km (2.415 mi),12,47.3625,4.8992,6,1984,1984,False,33776
Circuit Gilles-Villeneuve,Street circuit,Clockwise,Montreal,Canada,4.361 km (2.710 mi),13,45.5006,-73.5225,43,1978,1986,False,75121
Circuit Gilles-Villeneuve,Street circuit,Clockwise,Montreal,Canada,4.361 km (2.710 mi),13,45.5006,-73.5225,43,1988,2008,False,75121
Circuit Gilles-Villeneuve,Street circuit,Clockwise,Montreal,Canada,4.361 km (2.710 mi),13,45.5006,-73.5225,43,2010,2019,False,75121
Circuit Gilles-Villeneuve,Street circuit,Clockwise,Montreal,Canada,4.361 km (2.710 mi),13,45.5006,-73.5225,43,2022,2025,True,75121
Circuit Mont-Tremblant,Race circuit,Clockwise,Mont-Tremblant,Canada,4.265 km (2.650 mi),15,46.1877,-74.6099,2,1968,1968,False,66609
Circuit Mont-Tremblant,Race circuit,Clockwise,Mont-Tremblant,Canada,4.265 km (2.650 mi),15,46.1877,-74.6099,2,1970,1970,False,66609
Circuit of the Americas,Race circuit,Anti-clockwise,Austin,United States,5.513 km (3.426 mi),20,30.1328,-97.6411,12,2012,2019,False,31674
Circuit of the Americas,Race circuit,Anti-clockwise,Austin,United States,5.513 km (3.426 mi),20,30.1328,-97.6411,12,2021,2025,True,31674
Circuit Paul Ricard,Race circuit,Clockwise,Le Castellet,France,5.842 km (3.630 mi),15,43.2506,5.7917,18,1971,1971,False,74716
Circuit Paul Ricard,Race circuit,Clockwise,Le Castellet,France,5.842 km (3.630 mi),15,43.2506,5.7917,18,1973,1973,False,74716
Circuit Paul Ricard,Race circuit,Clockwise,Le Castellet,France,5.842 km (3.630 mi),15,43.2506,5.7917,18,1975,1976,False,74716
Circuit Paul Ricard,Race circuit,Clockwise,Le Castellet,France,5.842 km (3.630 mi),15,43.2506,5.7917,18,1978,1978,False,74716
Circuit Paul Ricard,Race circuit,Clockwise,Le Castellet,France,5.842 km (3.630 mi),15,43.2506,5.7917,18,1980,1980,False,74716
Circuit Paul Ricard,Race circuit,Clockwise,Le Castellet,France,5.842 km (3.630 mi),15,43.2506,5.7917,18,1982,1983,False,74716
Circuit Paul Ricard,Race circuit,Clockwise,Le Castellet,France,5.842 km (3.630 mi),15,43.2506,5.7917,18,1985,1990,False,74716
Circuit Paul Ricard,Race circuit,Clockwise,Le Castellet,France,5.842 km (3.630 mi),15,43.2506,5.7917,18,2018,2019,False,74716
Circuit Paul Ricard,Race circuit,Clockwise,Le Castellet,France,5.842 km (3.630 mi),15,43.2506,5.7917,18,2021,2022,False,74716
Circuit Zandvoort,Race circuit,Clockwise,Zandvoort,Netherlands,4.259 km (2.646 mi),14,52.3889,4.5408,34,1952,1953,False,71385
Circuit Zandvoort,Race circuit,Clockwise,Zandvoort,Netherlands,4.259 km (2.646 mi),14,52.3889,4.5408,34,1955,1955,False,71385
Circuit Zandvoort,Race circuit,Clockwise,Zandvoort,Netherlands,4.259 km (2.646 mi),14,52.3889,4.5408,34,1958,1971,False,71385
Circuit Zandvoort,Race circuit,Clockwise,Zandvoort,Netherlands,4.259 km (2.646 mi),14,52.3889,4.5408,34,1973,1985,False,71385
Circuit Zandvoort,Race circuit,Clockwise,Zandvoort,Netherlands,4.259 km (2.646 mi),14,52.3889,4.5408,34,2021,2025,True,71385
Circuit Zolder,Race circuit,Clockwise,Heusden-Zolder,Belgium,4.262 km (2.648 mi),10,50.9889,5.2556,10,1973,1973,False,80767
Circuit Zolder,Race circuit,Clockwise,Heusden-Zolder,Belgium,4.262 km (2.648 mi),10,50.9889,5.2556,10,1975,1982,False,80767
Circuit Zolder,Race circuit,Clockwise,Heusden-Zolder,Belgium,4.262 km (2.648 mi),10,50.9889,5.2556,10,1984,1984,False,80767
Circuito da Boavista,Street circuit,Anti-clockwise,Porto,Portugal,7.775 km (4.831 mi),15,41.1705,-8.6732,2,1958,1958,False,27805
Circuito da Boavista,Street circuit,Anti-clockwise,Porto,Portugal,7.775 km (4.831 mi),15,41.1705,-8.6732,2,1960,1960,False,27805
Circuito de Monsanto,Street circuit,Clockwise,Lisbon,Portugal,5.440 km (3.380 mi),9,38.7197,-9.2031,1,1959,1959,False,41834
Circuito Permanente de Jerez,Race circuit,Clockwise,Jerez de la Frontera,Spain,4.428 km (2.751 mi),13,36.7083,-6.0342,7,1986,1990,False,68908
Circuito Permanente de Jerez,Race circuit,Clockwise,Jerez de la Frontera,Spain,4.428 km (2.751 mi),13,36.7083,-6.0342,7,1994,1994,False,68908
Circuito Permanente de Jerez,Race circuit,Clockwise,Jerez de la Frontera,Spain,4.428 km (2.751 mi),13,36.7083,-6.0342,7,1997,1997,False,68908
Circuito Permanente del Jarama,Race circuit,Clockwise,San Sebastián de los Reyes,Spain,3.314 km (2.059 mi),12,40.6172,-3.5856,9,1968,1968,False,21180
Circuito Permanente del Jarama,Race circuit,Clockwise,San Sebastián de los Reyes,Spain,3.314 km (2.059 mi),12,40.6172,-3.5856,9,1970,1970,False,21180
Circuito Permanente del Jarama,Race circuit,Clockwise,San Sebastián de los Reyes,Spain,3.314 km (2.059 mi),12,40.6172,-3.5856,9,1972,1972,False,21180
Circuito Permanente del Jarama,Race circuit,Clockwise,San Sebastián de los Reyes,Spain,3.314 km (2.059 mi),12,40.6172,-3.5856,9,1974,1974,False,21180
Circuito Permanente del Jarama,Race circuit,Clockwise,San Sebastián de los Reyes,Spain,3.314 km (2.059 mi),12,40.6172,-3.5856,9,1976,1979,False,21180
Circuito Permanente del Jarama,Race circuit,Clockwise,San Sebastián de los Reyes,Spain,3.314 km (2.059 mi),12,40.6172,-3.5856,9,1981,1981,False,21180
Dallas Fair Park,Street circuit,Anti-clockwise,Dallas,United States,3.901 km (2.424 mi),14,32.7819,-96.7656,1,1984,1984,False,81658
Detroit Street Circuit,Street circuit,Anti-clockwise,Detroit,United States,4.023 km (2.500 mi),20,42.3298,-83.0401,7,1982,1988,False,40692
Donington Park,Race circuit,Clockwise,Castle Donington,United Kingdom,4.020 km (2.498 mi),11,52.8297,-1.3794,1,1993,1993,False,98316
Fuji Speedway,Race circuit,Clockwise,Oyama,Japan,4.563 km (2.835 mi),16,35.3717,138.9267,4,1976,1977,False,28084
Fuji Speedway,Race circuit,Clockwise,Oyama,Japan,4.563 km (2.835 mi),16,35.3717,138.9267,4,2007,2008,False,28084
Hockenheimring,Race circuit,Clockwise,Hockenheim,Germany,4.574 km (2.842 mi),16,49.3278,8.5658,37,1970,1970,False,10012
Hockenheimring,Race circuit,Clockwise,Hockenheim,Germany,4.574 km (2.842 mi),16,49.3278,8.5658,37,1977,1984,False,10012
Hockenheimring,Race circuit,Clockwise,Hockenheim,Germany,4.574 km (2.842 mi),16,49.3278,8.5658,37,1986,2006,False,10012
Hockenheimring,Race circuit,Clockwise,Hockenheim,Germany,4.574 km (2.842 mi),16,49.3278,8.5658,37,2008,2008,False,10012
Hockenheimring,Race circuit,Clockwise,Hockenheim,Germany,4.574 km (2.842 mi),16,49.3278,8.5658,37,2010,2010,False,10012
Hockenheimring,Race circuit,Clockwise,Hockenheim,Germany,4.574 km (2.842 mi),16,49.3278,8.5658,37,2012,2012,False,10012
Hockenheimring,Race circuit,Clockwise,Hockenheim,Germany,4.574 km (2.842 mi),16,49.3278,8.5658,37,2014,2014,False,10012
Hockenheimring,Race circuit,Clockwise,Hockenheim,Germany,4.574 km (2.842 mi),16,49.3278,8.5658,37,2016,2016,False,10012
Hockenheimring,Race circuit,Clockwise,Hockenheim,Germany,4.574 km (2.842 mi),16,49.3278,8.5658,37,2018,2019,False,10012
Hungaroring,Race circuit,Clockwise,Mogyoród,Hungary,4.381 km (2.722 mi),14,47.5822,19.2511,39,1986,2025,True,59141
Indianapolis Motor Speedway,Race circuit,Clockwise,Speedway,United States,4.192 km (2.605 mi),13,39.7983,-86.2328,19,1950,1960,False,90940
Indianapolis Motor Speedway,Race circuit,Clockwise,Speedway,United States,4.192 km (2.605 mi),13,39.7983,-86.2328,19,2000,2007,False,90940
Intercity Istanbul Park,Race circuit,Anti-clockwise,Istanbul,Turkey,5.338 km (3.317 mi),14,40.9517,29.405,9,2005,2011,False,59748
Intercity Istanbul Park,Race circuit,Anti-clockwise,Istanbul,Turkey,5.338 km (3.317 mi),14,40.9517,29.405,9,2020,2021,False,59748
Jeddah Corniche Circuit,Street circuit,Anti-clockwise,Jeddah,Saudi Arabia,6.174 km (3.836 mi),27,21.6319,39.1044,5,2021,2025,True,58816
Korea International Circuit,Race circuit,Anti-clockwise,Yeongam,South Korea,5.615 km (3.489 mi),18,34.7333,126.4167,4,2010,2013,False,95361
Kyalami Grand Prix Circuit,Race circuit,Anti-clockwise,Midrand,South Africa,4.261 km (2.648 mi),13,-25.9981,28.0689,20,1967,1980,False,36587
Kyalami Grand Prix Circuit,Race circuit,Anti-clockwise,Midrand,South Africa,4.261 km (2.648 mi),13,-25.9981,28.0689,20,1982,1985,False,36587
Kyalami Grand Prix Circuit,Race circuit,Anti-clockwise,Midrand,South Africa,4.261 km (2.648 mi),13,-25.9981,28.0689,20,1992,1993,False,36587
Las Vegas Strip Circuit,Street circuit,Anti-clockwise,Paradise,United States,6.201 km (3.853 mi),17,36.11,-115.1622,2,2023,2025,True,77635
Long Beach Street Circuit,Street circuit,Clockwise,Long Beach,United States,3.275 km (2.035 mi),18,33.7664,-118.1928,8,1976,1983,False,38629
Lusail International Circuit,Race circuit,Clockwise,Lusail,Qatar,5.419 km (3.367 mi),16,25.49,51.4542,3,2021,2021,False,22293
Lusail International Circuit,Race circuit,Clockwise,Lusail,Qatar,5.419 km (3.367 mi),16,25.49,51.4542,3,2023,2025,True,22293
Marina Bay Street Circuit,Street circuit,Anti-clockwise,Marina Bay,Singapore,4.940 km (3.070 mi),19,1.2915,103.8638,15,2008,2019,False,89821
Marina Bay Street Circuit,Street circuit,Anti-clockwise,Marina Bay,Singapore,4.940 km (3.070 mi),19,1.2915,103.8638,15,2022,2025,True,89821
Miami International Autodrome,Street circuit,Anti-clockwise,Miami Gardens,United States,5.412 km (3.363 mi),18,25.9581,-80.2389,4,2022,2025,True,78952
Montjuïc circuit,Street circuit,Anti-clockwise,Barcelona,Spain,3.791 km (2.356 mi),18,41.3664,2.1517,4,1969,1969,False,98607
Montjuïc circuit,Street circuit,Anti-clockwise,Barcelona,Spain,3.791 km (2.356 mi),18,41.3664,2.1517,4,1971,1971,False,98607
Montjuïc circuit,Street circuit,Anti-clockwise,Barcelona,Spain,3.791 km (2.356 mi),18,41.3664,2.1517,4,1973,1973,False,98607
Montjuïc circuit,Street circuit,Anti-clockwise,Barcelona,Spain,3.791 km (2.356 mi),18,41.3664,2.1517,4,1975,1975,False,98607
Mosport International Raceway,Race circuit,Clockwise,Bowmanville,Canada,3.957 km (2.459 mi),10,44.05,-78.6778,8,1967,1967,False,72226
Mosport International Raceway,Race circuit,Clockwise,Bowmanville,Canada,3.957 km (2.459 mi),10,44.05,-78.6778,8,1969,1969,False,72226
Mosport International Raceway,Race circuit,Clockwise,Bowmanville,Canada,3.957 km (2.459 mi),10,44.05,-78.6778,8,1971,1974,False,72226
Mosport International Raceway,Race circuit,Clockwise,Bowmanville,Canada,3.957 km (2.459 mi),10,44.05,-78.6778,8,1976,1977,False,72226
Nivelles-Baulers,Race circuit,Clockwise,Nivelles,Belgium,3.724 km (2.314 mi),7,50.6211,4.3269,2,1972,1972,False,90900
Nivelles-Baulers,Race circuit,Clockwise,Nivelles,Belgium,3.724 km (2.314 mi),7,50.6211,4.3269,2,1974,1974,False,90900
Nürburgring,Race circuit,Clockwise,Nürburg,Germany,5.148 km (3.199 mi),15,50.3356,6.9475,41,1951,1954,False,69792
Nürburgring,Race circuit,Clockwise,Nürburg,Germany,5.148 km (3.199 mi),15,50.3356,6.9475,41,1956,1958,False,69792
Nürburgring,Race circuit,Clockwise,Nürburg,Germany,5.148 km (3.199 mi),15,50.3356,6.9475,41,1961,1969,False,69792
Nürburgring,Race circuit,Clockwise,Nürburg,Germany,5.148 km (3.199 mi),15,50.3356,6.9475,41,1971,1976,False,69792
Nürburgring,Race circuit,Clockwise,Nürburg,Germany,5.148 km (3.199 mi),15,50.3356,6.9475,41,1984,1985,False,69792
Nürburgring,Race circuit,Clockwise,Nürburg,Germany,5.148 km (3.199 mi),15,50.3356,6.9475,41,1995,2007,False,69792
Nürburgring,Race circuit,Clockwise,Nürburg,Germany,5.148 km (3.199 mi),15,50.3356,6.9475,41,2009,2009,False,69792
Nürburgring,Race circuit,Clockwise,Nürburg,Germany,5.148 km (3.199 mi),15,50.3356,6.9475,41,2011,2011,False,69792
Nürburgring,Race circuit,Clockwise,Nürburg,Germany,5.148 km (3.199 mi),15,50.3356,6.9475,41,2013,2013,False,69792
Nürburgring,Race circuit,Clockwise,Nürburg,Germany,5.148 km (3.199 mi),15,50.3356,6.9475,41,2020,2020,False,69792
Pescara Circuit,Road circuit,Clockwise,Pescara,Italy,25.800 km (16.031 mi),24*,42.475,14.1508,1,1957,1957,False,80073
Phoenix Street Circuit,Street circuit,Anti-clockwise,Phoenix,United States,3.720 km (2.312 mi),12,33.4479,-112.0746,3,1989,1991,False,60836
Prince George Circuit,Race circuit,Clockwise,East London,South Africa,3.920 km (2.436 mi),8,-33.0486,27.8736,3,1962,1963,False,66635
Prince George Circuit,Race circuit,Clockwise,East London,South Africa,3.920 km (2.436 mi),8,-33.0486,27.8736,3,1965,1965,False,66635
Red Bull Ring,Race circuit,Clockwise,Spielberg,Austria,4.318 km (2.683 mi),10,47.2197,14.7647,38,1970,1987,False,23561
Red Bull Ring,Race circuit,Clockwise,Spielberg,Austria,4.318 km (2.683 mi),10,47.2197,14.7647,38,1997,2003,False,23561
Red Bull Ring,Race circuit,Clockwise,Spielberg,Austria,4.318 km (2.683 mi),10,47.2197,14.7647,38,2014,2025,True,23561
Riverside International Raceway,Race circuit,Clockwise,Moreno Valley,United States,5.271 km (3.275 mi),9,33.9334,-117.2723,1,1960,1960,False,35739
Rouen-Les-Essarts,Road circuit,Clockwise,Orival,France,6.542 km (4.065 mi),13,49.3306,1.0046,5,1952,1952,False,54184
Rouen-Les-Essarts,Road circuit,Clockwise,Orival,France,6.542 km (4.065 mi),13,49.3306,1.0046,5,1957,1957,False,54184
Rouen-Les-Essarts,Road circuit,Clockwise,Orival,France,6.542 km (4.065 mi),13,49.3306,1.0046,5,1962,1962,False,54184
Rouen-Les-Essarts,Road circuit,Clockwise,Orival,France,6.542 km (4.065 mi),13,49.3306,1.0046,5,1964,1964,False,54184
Rouen-Les-Essarts,Road circuit,Clockwise,Orival,France,6.542 km (4.065 mi),13,49.3306,1.0046,5,1968,1968,False,54184
Scandinavian Raceway,Race circuit,Clockwise,Anderstorp,Sweden,4.031 km (2.505 mi),8,57.2642,13.6014,6,1973,1978,False,12945
Sebring Raceway,Road circuit,Clockwise,Sebring,United States,8.356 km (5.192 mi),12,27.455,-81.35,1,1959,1959,False,33478
Sepang International Circuit,Race circuit,Clockwise,Sepang,Malaysia,5.543 km (3.444 mi),15,2.7606,101.7375,19,1999,2017,False,83597
Shanghai International Circuit,Race circuit,Clockwise,Shanghai,China,5.451 km (3.387 mi),16,31.3389,121.2197,18,2004,2019,False,47869
Shanghai International Circuit,Race circuit,Clockwise,Shanghai,China,5.451 km (3.387 mi),16,31.3389,121.2197,18,2024,2025,True,47869
Silverstone Circuit,Race circuit,Clockwise,Silverstone,United Kingdom,5.891 km (3.660 mi),18,52.0711,-1.0161,59,1950,1954,False,18634
Silverstone Circuit,Race circuit,Clockwise,Silverstone,United Kingdom,5.891 km (3.660 mi),18,52.0711,-1.0161,59,1956,1956,False,18634
Silverstone Circuit,Race circuit,Clockwise,Silverstone,United Kingdom,5.891 km (3.660 mi),18,52.0711,-1.0161,59,1958,1958,False,18634
Silverstone Circuit,Race circuit,Clockwise,Silverstone,United Kingdom,5.891 km (3.660 mi),18,52.0711,-1.0161,59,1960,1960,False,18634
Silverstone Circuit,Race circuit,Clockwise,Silverstone,United Kingdom,5.891 km (3.660 mi),18,52.0711,-1.0161,59,1963,1963,False,18634
Silverstone Circuit,Race circuit,Clockwise,Silverstone,United Kingdom,5.891 km (3.660 mi),18,52.0711,-1.0161,59,1965,1965,False,18634
Silverstone Circuit,Race circuit,Clockwise,Silverstone,United Kingdom,5.891 km (3.660 mi),18,52.0711,-1.0161,59,1967,1967,False,18634
Silverstone Circuit,Race circuit,Clockwise,Silverstone,United Kingdom,5.891 km (3.660 mi),18,52.0711,-1.0161,59,1969,1969,False,18634
Silverstone Circuit,Race circuit,Clockwise,Silverstone,United Kingdom,5.891 km (3.660 mi),18,52.0711,-1.0161,59,1971,1971,False,18634
Silverstone Circuit,Race circuit,Clockwise,Silverstone,United Kingdom,5.891 km (3.660 mi),18,52.0711,-1.0161,59,1973,1973,False,18634
Silverstone Circuit,Race circuit,Clockwise,Silverstone,United Kingdom,5.891 km (3.660 mi),18,52.0711,-1.0161,59,1975,1975,False,18634
Silverstone Circuit,Race circuit,Clockwise,Silverstone,United Kingdom,5.891 km (3.660 mi),18,52.0711,-1.0161,59,1977,1977,False,18634
Silverstone Circuit,Race circuit,Clockwise,Silverstone,United Kingdom,5.891 km (3.660 mi),18,52.0711,-1.0161,59,1979,1979,False,18634
Silverstone Circuit,Race circuit,Clockwise,Silverstone,United Kingdom,5.891 km (3.660 mi),18,52.0711,-1.0161,59,1981,1981,False,18634
Silverstone Circuit,Race circuit,Clockwise,Silverstone,United Kingdom,5.891 km (3.660 mi),18,52.0711,-1.0161,59,1983,1983,False,18634
Silverstone Circuit,Race circuit,Clockwise,Silverstone,United Kingdom,5.891 km (3.660 mi),18,52.0711,-1.0161,59,1985,1985,False,18634
Silverstone Circuit,Race circuit,Clockwise,Silverstone,United Kingdom,5.891 km (3.660 mi),18,52.0711,-1.0161,59,1987,2025,True,18634
Sochi Autodrom,Race circuit,Clockwise,Sochi,Russia,5.848 km (3.634 mi),15,43.4103,39.9683,8,2014,2021,False,87735
Suzuka International Racing Course,Race circuit,Part clockwise and part anti-clockwise (figure eight),Suzuka,Japan,5.807 km (3.608 mi),18,34.8417,136.5389,35,1987,2006,False,60239
Suzuka International Racing Course,Race circuit,Part clockwise and part anti-clockwise (figure eight),Suzuka,Japan,5.807 km (3.608 mi),18,34.8417,136.5389,35,2009,2019,False,60239
Suzuka International Racing Course,Race circuit,Part clockwise and part anti-clockwise (figure eight),Suzuka,Japan,5.807 km (3.608 mi),18,34.8417,136.5389,35,2022,2025,True,60239
TI Circuit Aida,Race circuit,Clockwise,Mimasaka,Japan,3.703 km (2.301 mi),11,34.915,134.2211,2,1994,1995,False,59662
Valencia Street Circuit,Street circuit,Clockwise,Valencia,Spain,5.419 km (3.367 mi),25,39.4588,-0.3256,5,2008,2012,False,27668
Watkins Glen International,Race circuit,Clockwise,Watkins Glen,United States,5.430 km (3.374 mi),10,42.3369,-76.9269,20,1961,1980,False,57850
Yas Marina Circuit,Race circuit,Anti-clockwise,Abu Dhabi,United Arab Emirates,5.281 km (3.281 mi),15,24.4672,54.6031,16,2009,2025,True,19921
Zeltweg Airfield,Road circuit,Clockwise,Zeltweg,Austria,3.186 km (1.980 mi),4,47.2022,14.7422,1,1964,1964,False,80657
